family,slug,title,h1,meta_description,intro,action_now,what_to_test,primary_cta_label,primary_cta_url,money_cta_label,money_cta_url,disclosure,source_url,search_query,search_performed_at,fetched_at
contaminants,nitrate,High Nitrate In Well Water,Nitrate in Well Water What To Do,Understand nitrate test results and next steps,Use this page to decide first action for nitrate concerns,If infants or pregnancy are in home switch drinking water source now,Confirm nitrate result with certified lab and retest schedule,Find certified lab,https://www.cdc.gov/drinking-water/safety/guidelines-for-testing-well-water.html,Compare well water test kits,https://www.amazon.com/s?k=well+water+test+kit,Affiliate links may generate revenue after editorial review,https://www.epa.gov/dwstandardsregulations,EPA drinking water regulations nitrate benchmark,2026-03-07T02:00:00Z,2026-03-07T02:05:00Z
contaminants,arsenic,Arsenic In Well Water Guide,Arsenic in Well Water What To Do,Interpret arsenic risk and treatment path for private wells,This page helps choose immediate and follow up actions for arsenic,Use safer drinking source until confirmatory testing is complete,Run certified lab testing and plan verification after treatment,Find certified lab,https://www.cdc.gov/drinking-water/safety/guidelines-for-testing-well-water.html,Compare under sink RO options,https://www.amazon.com/s?k=under+sink+reverse+osmosis,Affiliate links may generate revenue after editorial review,https://www.epa.gov/dwstandardsregulations,EPA arsenic drinking water standard private well context,2026-03-07T02:01:00Z,2026-03-07T02:06:00Z
contaminants,coliform,Positive Coliform In Well Water,Total Coliform Positive in Well Water,Know what a positive coliform result means today,This page focuses on safety first actions before equipment shopping,Use alternate drinking water and avoid assumptions,Retest with certified lab and inspect source issues,Find local health guidance,https://www.cdc.gov/drinking-water/safety/guidelines-for-testing-well-water.html,Compare disinfection capable options,https://www.amazon.com/s?k=uv+water+filter+well,Affiliate links may generate revenue after editorial review,https://www.cdc.gov/drinking-water/about/drinking-water-standards-and-regulations-an-overview.html,CDC coliform drinking water standards overview,2026-03-07T02:02:00Z,2026-03-07T02:07:00Z
contaminants,e-coli,E Coli In Well Water Next Steps,E Coli in Well Water What To Do,Get immediate actions when e coli appears in well water,This page prioritizes exposure control and testing workflow,Use alternate water for drinking and cooking right now,Coordinate local guidance and certified retest sequence,Find local health guidance,https://www.cdc.gov/drinking-water/safety/guidelines-for-testing-well-water.html,Compare emergency bottled water options,https://www.amazon.com/s?k=bottled+water,Affiliate links may generate revenue after editorial review,https://www.cdc.gov/drinking-water/about/drinking-water-standards-and-regulations-an-overview.html,CDC e coli drinking water guidance overview,2026-03-07T02:02:30Z,2026-03-07T02:07:30Z
contaminants,iron,High Iron In Well Water Guide,Iron in Well Water Treatment Options,Distinguish nuisance iron problems from health concerns,This page helps pick test and treatment sequence for iron,Start with symptom mapping and avoid panic purchases,Confirm iron level and compare maintenance heavy options,Check local test guidance,https://www.cdc.gov/drinking-water/safety/guidelines-for-testing-well-water.html,Compare iron filter categories,https://www.amazon.com/s?k=well+water+iron+filter,Affiliate links may generate revenue after editorial review,https://www.epa.gov/sdwa/secondary-drinking-water-standards-guidance-nuisance-chemicals,EPA secondary drinking water standards iron,2026-03-07T02:03:00Z,2026-03-07T02:08:00Z
contaminants,manganese,High Manganese In Well Water,How To Handle Manganese in Well Water,Interpret manganese levels and treatment choices,This page explains practical nuisance focused decisions for manganese,Prioritize water use scope before buying equipment,Test for related contaminants and compare category claims,Find certified lab,https://www.cdc.gov/drinking-water/safety/guidelines-for-testing-well-water.html,Compare manganese filter options,https://www.amazon.com/s?k=manganese+water+filter,Affiliate links may generate revenue after editorial review,https://www.epa.gov/sdwa/secondary-drinking-water-standards-guidance-nuisance-chemicals,EPA secondary standards manganese private wells,2026-03-07T02:03:30Z,2026-03-07T02:08:30Z
contaminants,hardness,Hard Water From Private Well,Hardness in Well Water What To Do,Decide between softening and simple maintenance for hard water,This page focuses on scale and appliance protection decisions,Check whole house impact before selecting equipment,Test hardness and compare maintenance burden by option,Review test guidance,https://www.cdc.gov/drinking-water/safety/guidelines-for-testing-well-water.html,Compare water softener options,https://www.amazon.com/s?k=water+softener,Affiliate links may generate revenue after editorial review,https://www.epa.gov/sdwa/secondary-drinking-water-standards-guidance-nuisance-chemicals,EPA secondary standards hardness interpretation,2026-03-07T02:04:00Z,2026-03-07T02:09:00Z
contaminants,ph,Low PH In Well Water,Low pH in Well Water and Corrosion Risk,Use pH results to plan corrosion follow up actions,This page helps separate source issues from plumbing issues,Inspect corrosion signs before treatment purchase,Test lead and corrosivity follow up when needed,Find certified lab,https://www.cdc.gov/drinking-water/safety/guidelines-for-testing-well-water.html,Compare neutralizer options,https://www.amazon.com/s?k=acid+neutralizer+water+filter,Affiliate links may generate revenue after editorial review,https://www.epa.gov/sdwa/secondary-drinking-water-standards-guidance-nuisance-chemicals,EPA low pH corrosive water guidance secondary standards,2026-03-07T02:04:30Z,2026-03-07T02:09:30Z
contaminants,tds,High TDS In Well Water,High TDS in Well Water Explained,Understand tds readings and practical next moves,This page covers nuisance centered interpretation of tds,Validate water source and usage scope first,Test related ions and compare treatment categories,Check testing guidance,https://www.cdc.gov/drinking-water/safety/guidelines-for-testing-well-water.html,Compare whole house treatment options,https://www.amazon.com/s?k=whole+house+water+filter,Affiliate links may generate revenue after editorial review,https://www.epa.gov/sdwa/secondary-drinking-water-standards-guidance-nuisance-chemicals,EPA secondary standards tds meaning,2026-03-07T02:05:00Z,2026-03-07T02:10:00Z
contaminants,sulfate,High Sulfate In Well Water,High Sulfate in Well Water Next Steps,Learn sulfate effects and what to test next,This page gives practical testing and comparison flow for sulfate,Start with intake symptoms and household sensitivity,Confirm sulfate level and compare fit limits by category,Find certified lab,https://www.cdc.gov/drinking-water/safety/guidelines-for-testing-well-water.html,Compare sulfate treatment options,https://www.amazon.com/s?k=sulfate+water+filter,Affiliate links may generate revenue after editorial review,https://www.epa.gov/sdwa/secondary-drinking-water-standards-guidance-nuisance-chemicals,EPA sulfate secondary standard guidance,2026-03-07T02:05:30Z,2026-03-07T02:10:30Z
symptoms,rotten-egg-smell,Rotten Egg Smell Well Water,Rotten Egg Smell in Well Water,Find likely causes and testing order for sulfur smell,This page helps avoid blind equipment buying for sulfur odor,Check hot versus cold and one fixture versus whole house,Test sulfur bacteria and related nuisance indicators,Find local guidance,https://www.epa.gov/privatewells,Compare sulfur filter options,https://www.amazon.com/s?k=sulfur+water+filter+well,Affiliate links may generate revenue after editorial review,https://www.epa.gov/privatewells,Private well sulfur smell source and testing order,2026-03-07T02:06:00Z,2026-03-07T02:11:00Z
symptoms,orange-stains,Orange Stains Well Water,Orange Stains in Well Water,Map orange stains to likely iron and manganese issues,This page keeps focus on nuisance framing and maintenance impact,Document where stains appear before buying treatment,Test iron manganese and hardness profile,Find certified lab,https://www.cdc.gov/drinking-water/safety/guidelines-for-testing-well-water.html,Compare iron filter options,https://www.amazon.com/s?k=well+water+iron+filter,Affiliate links may generate revenue after editorial review,https://www.epa.gov/sdwa/secondary-drinking-water-standards-guidance-nuisance-chemicals,EPA orange stain iron nuisance guidance,2026-03-07T02:06:30Z,2026-03-07T02:11:30Z
symptoms,black-stains,Black Stains Well Water,Black Stains in Well Water,Understand black staining causes and next checks,This page supports test first logic before treatment purchase,Check fixture scope and recent changes in water quality,Test manganese sulfur and sediment factors,Find certified lab,https://www.cdc.gov/drinking-water/safety/guidelines-for-testing-well-water.html,Compare manganese filter options,https://www.amazon.com/s?k=manganese+water+filter,Affiliate links may generate revenue after editorial review,https://www.epa.gov/sdwa/secondary-drinking-water-standards-guidance-nuisance-chemicals,EPA black stain manganese nuisance page search,2026-03-07T02:07:00Z,2026-03-07T02:12:00Z
symptoms,metallic-taste,Metallic Taste Well Water,Metallic Taste in Well Water,Take structured steps for metallic taste complaints,This page helps separate corrosion from source contamination,Check whether taste changes after rain or repair events,Test pH corrosion indicators and metals where relevant,Find local guidance,https://www.cdc.gov/drinking-water/safety/index.html,Compare point of use options,https://www.amazon.com/s?k=under+sink+water+filter,Affiliate links may generate revenue after editorial review,https://www.cdc.gov/drinking-water/safety/index.html,CDC safe drinking water basics metallic taste context,2026-03-07T02:07:30Z,2026-03-07T02:12:30Z
symptoms,cloudy-water,Cloudy Well Water,Cloudy Well Water What To Check First,Use symptom first triage for cloudy private well water,This page prioritizes likely causes and immediate checks,Check if cloudiness is temporary after disturbance events,Test turbidity related factors and bacterial indicators,Find local guidance,https://www.cdc.gov/drinking-water/safety/guidelines-for-testing-well-water.html,Compare sediment filter options,https://www.amazon.com/s?k=sediment+filter+well+water,Affiliate links may generate revenue after editorial review,https://www.cdc.gov/drinking-water/safety/guidelines-for-testing-well-water.html,CDC cloudy well water testing guidance query,2026-03-07T02:08:00Z,2026-03-07T02:13:00Z
symptoms,scale-buildup,Scale Buildup Well Water,Scale Buildup in Well Water,Choose next actions for hardness and scale problems,This page focuses on operational impact and maintenance planning,Track appliance impact before selecting a treatment range,Test hardness and compare whole house versus point solutions,Find certified lab,https://www.cdc.gov/drinking-water/safety/guidelines-for-testing-well-water.html,Compare softener options,https://www.amazon.com/s?k=water+softener,Affiliate links may generate revenue after editorial review,https://www.epa.gov/sdwa/secondary-drinking-water-standards-guidance-nuisance-chemicals,EPA scale hardness secondary standards page,2026-03-07T02:08:30Z,2026-03-07T02:13:30Z
compares,uv-vs-ro,UV vs RO For Well Water,UV vs RO for Well Water,Compare uv and ro based on contaminant intent not hype,This page helps choose by problem type and verification needs,Start by defining whether issue is microbial or chemical,Test targeted contaminants before final equipment selection,Review testing guidance first,https://www.cdc.gov/drinking-water/safety/guidelines-for-testing-well-water.html,Compare UV and RO products,https://www.amazon.com/s?k=uv+water+purifier+ro+system,Affiliate links may generate revenue after editorial review,https://www.epa.gov/privatewells,UV vs RO for private well search and guidance,2026-03-07T02:09:00Z,2026-03-07T02:14:00Z
compares,softener-vs-iron-filter,Softener vs Iron Filter,Softener vs Iron Filter for Well Water,Choose between softener and iron filter using symptom logic,This page avoids one size fits all equipment choices,Map issues to hardness versus iron dominant patterns,Test hardness and iron before spending on install,Find local testing guidance,https://www.cdc.gov/drinking-water/safety/guidelines-for-testing-well-water.html,Compare softener and iron filter options,https://www.amazon.com/s?k=water+softener+iron+filter,Affiliate links may generate revenue after editorial review,https://www.epa.gov/sdwa/secondary-drinking-water-standards-guidance-nuisance-chemicals,Softener versus iron filter secondary standards context,2026-03-07T02:09:30Z,2026-03-07T02:14:30Z
compares,whole-house-vs-under-sink-ro,Whole House vs Under Sink RO,Whole House vs Under Sink RO,Decide treatment scope by exposure and nuisance priorities,This page compares install range and maintenance burden by scope,Define whether drinking only protection is enough,Test contaminant scope and household use profile first,Find certified lab,https://www.cdc.gov/drinking-water/safety/guidelines-for-testing-well-water.html,Compare whole house and under sink systems,https://www.amazon.com/s?k=whole+house+water+filter+under+sink+ro,Affiliate links may generate revenue after editorial review,https://www.epa.gov/privatewells,Whole house versus under sink private well decision,2026-03-07T02:10:00Z,2026-03-07T02:15:00Z
compares,test-kit-vs-certified-lab,Test Kit vs Certified Lab,Test Kit vs Certified Lab for Well Water,Pick testing path based on risk and confidence needs,This page keeps safety decisions ahead of convenience,Use certified lab for high risk or unclear cases,Use kit for routine screening and then confirm critical results,Find certified lab directories,https://www.cdc.gov/drinking-water/safety/guidelines-for-testing-well-water.html,Compare home test kits,https://www.amazon.com/s?k=well+water+test+kit,Affiliate links may generate revenue after editorial review,https://www.cdc.gov/drinking-water/safety/guidelines-for-testing-well-water.html,Test kit versus certified lab well water query,2026-03-07T02:10:30Z,2026-03-07T02:15:30Z
compares,iron-filter-vs-softener,Iron Filter vs Softener,Iron Filter vs Softener for Stain Problems,Understand when iron filter outperforms softener and vice versa,This page compares fit limits and operating costs,Identify dominant symptom and water chemistry first,Test iron manganese hardness as a bundle,Find certified lab,https://www.cdc.gov/drinking-water/safety/guidelines-for-testing-well-water.html,Compare iron filter and softener products,https://www.amazon.com/s?k=iron+filter+softener,Affiliate links may generate revenue after editorial review,https://www.epa.gov/sdwa/secondary-drinking-water-standards-guidance-nuisance-chemicals,Iron filter versus softener secondary standards search,2026-03-07T02:11:00Z,2026-03-07T02:16:00Z
triggers,after-flood,Well Water After Flood,What To Do With Well Water After Flood,Follow a safe step order after flooding events,This page is for immediate post flood private well actions,Do not assume boiling solves every contamination path,Contact local guidance and run certified testing before normal use,Find flood well guidance,https://www.epa.gov/privatewells/what-do-your-private-well-after-flood,Compare emergency water supplies,https://www.amazon.com/s?k=emergency+drinking+water,Affiliate links may generate revenue after editorial review,https://www.epa.gov/privatewells/what-do-your-private-well-after-flood,EPA private well after flood immediate steps,2026-03-07T02:11:30Z,2026-03-07T02:16:30Z
triggers,after-heavy-rain,Well Water After Heavy Rain,Well Water Changed After Heavy Rain,Use event based checks when water changes after rain,This page helps route rain related changes into test first actions,Pause major purchases until post rain testing is done,Test bacterial indicators and turbidity first,Find certified lab,https://www.cdc.gov/drinking-water/safety/guidelines-for-testing-well-water.html,Compare short term protection options,https://www.amazon.com/s?k=water+filter+pitcher,Affiliate links may generate revenue after editorial review,https://www.epa.gov/privatewells/protect-your-homes-water,Heavy rain private well testing search,2026-03-07T02:12:00Z,2026-03-07T02:17:00Z
triggers,after-repair,Well Water After Repair,Test Plan After Well Repair,Apply a clear retest sequence after repair work,This page prevents skipping post repair verification,Record what changed and when before testing,Run a post repair test panel before final decisions,Find certified lab,https://www.cdc.gov/drinking-water/safety/guidelines-for-testing-well-water.html,Compare maintenance check tools,https://www.amazon.com/s?k=water+test+strips,Affiliate links may generate revenue after editorial review,https://www.epa.gov/privatewells/protect-your-homes-water,Post repair private well testing guidance search,2026-03-07T02:12:30Z,2026-03-07T02:17:30Z
triggers,home-purchase-test,Private Well Home Purchase Test,New Home With Private Well Test Checklist,Use a buyer focused checklist for private well testing,This page supports due diligence before final purchase decisions,Test before closing and avoid assumptions from old reports,Request certified lab panel and interpret with risk framing,Find certified lab,https://www.cdc.gov/drinking-water/safety/guidelines-for-testing-well-water.html,Compare inspection support options,https://www.amazon.com/s?k=home+water+testing+kit,Affiliate links may generate revenue after editorial review,https://www.epa.gov/privatewells,Home purchase private well testing query,2026-03-07T02:13:00Z,2026-03-07T02:18:00Z
triggers,retest-after-treatment,Retest After Treatment,When To Retest Well Water After Treatment,Keep verification loop active after installation,This page makes retesting part of normal operation,Schedule retest windows right after treatment changes,Run same analyte panel for before after comparison,Find certified lab,https://www.cdc.gov/drinking-water/safety/guidelines-for-testing-well-water.html,Compare replacement and maintenance supplies,https://www.amazon.com/s?k=water+filter+replacement,Affiliate links may generate revenue after editorial review,https://www.epa.gov/privatewells/protect-your-homes-water,Retest after treatment private well query,2026-03-07T02:13:30Z,2026-03-07T02:18:30Z
